{
  "AVOID_RHO": {},
  "AVOID_VANNA": {},
  "VANNA_FILTER": {},
  "VOMMA_ARBITRAGE": {},
  "CHARM_DRIFT": {},
  "VETA_CHECK": {},
  "SPEED_SCALP": {},
  "ZOMMA_TRIGGER": {},
  "COLOR_BIAS": {},
  "BREAKOUT_UP": {},
  "BREAKOUT_DOWN": {},
  "STEADY_CLIMB": {},
  "STEADY_DROP": {},
  "SPIKE_AND_FADE": {},
  "EARNINGS_MOMENTUM": {},
  "VOLATILITY_SQUEEZE": {},
  "GAP_FILL": {},
  "CHOP_ZONE": {},
  "LONG_TRAP": {},
  "SHORT_TRAP": {},
  "GAMMA_PRESSURE": {},
  "EOD_RAMP": {},
  "MACRO_CATALYST": {},
  "OVEREXTENDED_UP": {},
  "OVEREXTENDED_DOWN": {},
  "MIDDAY_FADE": {},
  "PREMARKET_FADE": {},
  "AFTER_HOURS_JUMP": {},
  "TRAP_EXPOSURE": {},
  "VOLUME_SHOCK": {},
  "NOISE_CLUSTER": {},
  "TREND_EXHAUSTION": {},
  "WHIPSAW": {},
  "DEAD_ZONE": {},
  "SCALP_CALL": {},
  "SCALP_PUT": {},
  "SCALP_REVERSAL": {},
  "VOLATILITY_PLAY": {},
  "HEDGING_DELTA": {},
  "DECAY_HARVEST": {},
  "OVERBOUGHT": {},
  "OVERSOLD": {},
  "YIELD_SPIKE": {},
  "CORR_SPIKE": {},
  "SKEW_EXTREME": {}
}
